ID (sno),Stage,Task,QC check,Sub-phase,Current SE method,Priority,No-go,Level (2.0),Stage type,In 2.0,Live today,Check family,What to measure or judge,SE Comments,Accuracy Requirements SE,Primary method,Automation level,Confidence,Feasibility with Gyro,(your free-text approach column),How it would work,Fallback or upgrade,Inputs the prompt needs,Target tolerance (typical; confirm against your spec),Same detector as (ID),Extra SE time (s),Status,Owner,Target sprint,Validation accuracy,Validation sample (n),Last updated,Notes,qc_id
201,Flooring,Bull marking for flooring of wet areas along with bore packing,All MEP works are completed as per the drawings.,Flooring(Postwall),,REGULAR,No,,Floorwise,No,No,Presence and spec match,"Every MEP item in the drawing is present: floor traps, pipe stubs, conduits, boxes.",,,G-GEO,Partial,Medium,,"Suggested: from the sweep, Gemini lists the MEP points it sees per wall and on the floor and compares with the drawing's list.",Same detector family as ID 317: detect the visible MEP items on the rectified walls and the top-down floor and compare count and positions with the plumbing and electrical layouts. Items concealed in chases or under the screed cannot be verified from images.,ATTEST: MEP supervisor sign-off on a marked-up drawing.,Plumbing and electrical layouts.,All visible items present; position ± 50 mm,317,0,Not started,,,,,,,c140f439-5553-4fbf-b967-793f3b7b27c0
448,Water Proofing,During Waterproofing of wet areas,Balcony/ Bathroom: 2 day water ponding test is done and is found to be ok.,PostWall Non Putty,,CRITICAL,No,,Floorwise,No,No,Process and approval,Water level held for 48 h; no damp on the soffit below.,,,ATTEST,Evidence,Medium,,"Suggested: two photos 48 h apart with a tape at the waterline, plus one of the ceiling below.","Two time-stamped photos from the same spot 48 h apart with a tape or a mark at the waterline, plus one of the ceiling below. The vision model compares the waterline with the mark and reads the soffit for damp patches. The app enforces the 48 h gap.",TAP close-up of the waterline and the mark.,None.,No drop beyond evaporation (a few mm); no damp below,,10,Not started,,,,,,,ff808081818cac9e01818cb0c033008a
450,Water Proofing,During Waterproofing of wet areas,Balcony/ Bathroom: Screed concrete Curing done as per standards,PostWall Non Putty,,REGULAR,No,,Floorwise,No,No,Process and approval,Curing maintained for the required days.,,,ATTEST,Evidence,Medium,,Suggested: one photo per curing day showing the wet or ponded screed.,One photo per day for the curing period; the vision model confirms a wet or ponded surface and the timestamps prove the duration.,MANUAL record.,Curing days from spec.,All days present and wet,,10,Not started,,,,,,,f52f84f0-4259-4e73-93f5-78667233b459
451,Water Proofing,During Waterproofing of wet areas,Balcony/ Bathroom: Screed concrete mix is as per specifications,PostWall Non Putty,,REGULAR,No,,Floorwise,No,No,Process and approval,Screed mix proportion at batching.,,,ATTEST,Evidence,Low,,Suggested: short video of the screed batching at mixing.,"Same evidence flow as ID 299, for the screed batching.",MANUAL: cube test records where required.,Screed spec.,Batching matches the spec,299,10,Not started,,,,,,,6b7a5ef8-2c86-4e26-a2af-805b3e4ea114
205,Flooring,Bull marking for flooring of wet areas along with bore packing,Balcony/ Bathroom: Slope of the flooring is checked and is ok.,Flooring(Postwall),,CRITICAL,No,,Floorwise,No,No,Slope,Floor slope toward the drain after tiling.,,,IMU,Partial,Medium,,"Suggested: phone laid on the tiles at two or three points, as for ID 206.","Same as ID 206, on the finished tiles: the phone laid flat at two or three points reads the slope to about 0.1°.",ATTEST: short video of water running to the drain.,Required slope.,"Slope at or above spec, toward the drain",206,20,Not started,,,,,,,ff808081818cac9e01818cb0c033009a
196,Flooring,Bull marking for flooring along with Colour and pattern for tiles having been approved by Customer and surface preparation for dry areas,"Before tiling, SFL (Standard Floor Level) should be transferred from main entrance, passage, or corridor based on site conditions.",Flooring(Postwall),,REGULAR,No,,Floorwise,No,No,Height and position,SFL mark present on the room's walls and at the same height as the reference at the entrance.,,,G-VIS,Partial,Low,,Suggested: Gemini finds the SFL mark on each wall in the sweep; heights compared with the entrance mark.,The vision model looks for the SFL line on each wall in the sweep; pencil or chalk marks are faint from the room centre. Height consistency with the entrance mark needs a common frame across rooms.,TAP photo of the mark with a tape from the slab.,SFL value from the drawing.,Mark present; height within 5 mm of the reference,,0,Not started,,,,,,,d7f552bf-0319-408e-b148-94f4bd2b8a08
299,Internal Plastering,"Chasing, Conduit fixing, Door Frame Fixing, Grill Fixing and Chicken Mesh",Cement mortar mix is found to be as per the contract.,PostWall Non Putty,,REGULAR,No,,Floorwise,No,No,Process and approval,Mix proportion and materials at batching.,,,ATTEST,Evidence,Low,,"Suggested: short video of the batching (gauge boxes, bags) at mixing.","A short video of the batching: gauge boxes or bags counted per batch, sand type, water. The vision model can count bags and boxes; it cannot verify a ratio once mixed.",MANUAL: cube or field test records where the contract requires them.,Contract mix spec.,Batching matches the spec,,10,Not started,,,,,,,ff808081818cac9e01818cb0c0310079
322,Internal Plastering,Plastering Complete,Client to give a go ahead on the location of the plumbing points.,PostWall Non Putty,,CRITICAL,No,,Floorwise,No,No,Process and approval,Client approval of the plumbing point locations recorded.,,,ATTEST,Evidence,High,,"Suggested: client approval step in the app, as for ID 199.",Same approval flow as ID 199: the marked points (sweep frames or the plumbing layout) go to the client for an OTP or signature approval.,Site-visit sign-off photo.,Plumbing layout.,Approval present,199,10,Not started,,,,,,,ff808081818cac9e01818cb0c0300074
47,"Casting the lintels,staircase, blockwork upto the slab level",First Flight Staircase Reinforcement,"Dia of main bars (in both the direction), spacing of bars as per structural drawing.",PostWall Non Putty,Visual,REGULAR,No,,Floorwise,No,No,Size against drawing,Bar diameter and spacing in both directions against the structural drawing.,,,TAP,Partial,Medium,,"Suggested: photo of the cage with a tape across the bars; spacing from the photo, diameter from a close-up.","One photo of the cage with a tape or a 100 mm tag laid on it. Spacing reads from the photo to about ±5 mm; diameter needs a close-up (8, 10 and 12 mm bars differ by 2 mm, which needs about 0.3 mm per pixel). The vision model counts the bars and reads the tape.",MANUAL: the SE reads the diameter from the bar marking or with a vernier.,"Structural drawing (bar diameter, spacing).",Spacing ± 10 mm; diameter as per drawing,,30,Not started,,,,,,,ff808081818cac9e01818cb0c02b001a
61,"Casting the lintels,staircase, blockwork upto the slab level",Lintel Shuttering and Reinforcement,"Dia of main bars (in both the direction), spacing of bars as per structural drawing.",PostWall Non Putty,Visual,REGULAR,No,,Floorwise,No,No,Size against drawing,Bar diameter and spacing against the structural drawing (lintel).,,,TAP,Partial,Medium,,"Suggested: same as ID 47, on the lintel cage.","Same detector as ID 47, on the lintel cage.",MANUAL: diameter from the bar marking.,Structural drawing.,Spacing ± 10 mm; diameter as per drawing,47,30,Not started,,,,,,,ff808081818cac9e01818cb0c02b001a
80,"Column rising, blockwork upto lintel level",Blockwork upto Lintel,Diagonals have been checked and wall are found to be at right angles.,PostWall Non Putty,Tools,CRITICAL,No,,Floorwise,No,No,Squareness and plumb,Room diagonals equal; corner angles 90°.,,,G-GEO,Partial,Medium,,Suggested: corner angles from the sweep as for ID 318; laser meter on both diagonals when flagged.,"Same detector as ID 318: corner angles from the recovered floor plan, about ±1°. Equal diagonals to 10 mm on a 3 m room need 0.2°, so this is screening only.",BT-TOOL laser meter: two diagonal readings give the squareness exactly.,Tolerance.,Diagonals within 10 mm,318,0,Not started,,,,,,,ff808081818cac9e01818cb0c02e0050
81,"Column rising, blockwork upto lintel level",Blockwork upto Lintel,"During blockwork, keep 1"" extra clearance in height and width for window and door openings.",PostWall Non Putty,,REGULAR,No,,Floorwise,No,No,Size against drawing,Opening width and height against the frame size plus 25 mm.,,,G-GEO,Partial,Low,,Suggested: photo with the tape across the opening; the gyro's ±25 mm is too coarse for a 25 mm clearance.,"Same detector as ID 125, measuring the raw opening before the frames go in. The gyro's ±20–30 mm at 3 m equals the clearance itself, so it can only flag openings that are clearly tight or oversized.",TAP with the tape across the opening. Tags on the datum line bring the gyro to about ±10 mm.,Door and window schedule (frame sizes).,"Clearance 25 mm, −0 / +15 mm",125,0,Not started,,,,,,,477e8426-a6cf-40cc-856a-b9fb3d9b411a
147,Electrical and Plumbing Work,Switches and socket installation,Electrical fixing is well finished and free from any gaps at ceiling,POST PUTTY,,REGULAR,No,,One-time,No,No,Surface finish,"Ceiling fittings (fan hooks, light points, boxes) flush and finished, no gaps.",,,G-VIS,Full,Medium,,Suggested: upward band of the sweep; Gemini checks the ceiling fittings for gaps and finish.,"The upward band of the sweep shows the ceiling fittings; the vision model checks each for gaps, exposed wires and finish. Needs a band near +90° so the ceiling centre is covered.",TAP close-up where the model is unsure.,Finish rubric.,Rubric pass,,0,Not started,,,,,,,78539e9430a34acbb960e81f48828a8b
42,"Casting the lintels,staircase, blockwork upto the slab level",During Lintel casting and curing,"Exposed steel if any, Is packed as per standards",PostWall Non Putty,,REGULAR,No,,Floorwise,No,No,Workmanship defect,Exposed reinforcement at lintel ends or faces; packing done where it was exposed.,,,G-VIS,Partial,Medium,,Suggested: Gemini flags exposed rebar in the sweep frames around the lintels.,The vision model flags exposed rebar (rust-coloured bars against concrete) in the frames around the lintels; a flagged spot after packing should read as a patched surface. Small exposures far from the tripod can be missed.,TAP close-up of each flagged spot.,None.,No exposed steel visible,,0,Not started,,,,,,,6948ec33-2ba1-43e8-9d65-b2a63e3bf66a
68,"Casting the lintels,staircase, blockwork upto the slab level",Staircase concreting complete,"Exposed steel if any, Is packed as per standards",PostWall Non Putty,,REGULAR,No,,Floorwise,No,No,Workmanship defect,Exposed reinforcement on the staircase after concreting.,,,G-VIS,Partial,Medium,,"Suggested: same as ID 42, on the staircase frames.","Same detector as ID 42, run on the staircase frames (soffit, waist, risers).",TAP close-up of each flagged spot.,None.,No exposed steel visible,42,0,Not started,,,,,,,76000640-1274-4a93-86a8-7a599863710d
312,Internal Plastering,"Electrical Point marking, Plumbing Point marking and Bull Marking for plastering","Exposed steel if any, Is packed as per standards",PostWall Non Putty,,REGULAR,No,,Floorwise,No,No,Workmanship defect,"Exposed slab or lintel steel in chases, packed before plastering.",,,G-VIS,Partial,Medium,,"Suggested: same as ID 42, after chasing.","Same detector as ID 42, run after chasing and conduit fixing.",TAP close-up of each flagged spot.,None.,No exposed steel visible,42,0,Not started,,,,,,,12919a89-ca23-4d5d-a4a1-2d4e23080c8e
453,Water Proofing,During Waterproofing of wet areas,Haunching has been done in wet areas,PostWall Non Putty,,REGULAR,No,,Floorwise,No,No,Presence and spec match,Concrete haunch (fillet) at every wall-floor junction in wet areas.,,,G-VIS,Full,Medium,,Suggested: downward band of the sweep; Gemini checks the haunch at every wall-floor junction.,The downward band of the sweep shows the wall-floor junction all round; the vision model checks for the haunch on every wall. Haunch size can be read from the rectified wall if your spec gives one.,TAP close-up at a junction.,"Haunch size from spec, if any.",Haunch present on every wall,,0,Not started,,,,,,,c2b91087-41e3-41ae-a979-602a5f02640a
304,Internal Plastering,During Plastering,Mortar is mixed with bonding agent as per the contract specifications.,PostWall Non Putty,,CRITICAL,No,,Floorwise,No,No,Process and approval,Bonding agent added to the mortar at the specified dose.,,,ATTEST,Evidence,Low,,Suggested: short video of the batching showing the bonding agent container and its dosing.,Same evidence flow as ID 299; the video must show the bonding agent container and its dosing.,MANUAL: consumption against the area plastered.,"Contract spec (product, dose).",Dosing matches the spec,299,10,Not started,,,,,,,ff808081818cac9e01818cb0c031007a
447,Wall cladding,Fixing wall dado,No hollow sound on the tile when tapped,PostWall Non Putty,,CRITICAL,No,,Floorwise,No,No,Workmanship defect,Hollow (debonded) tiles found by tap sound.,,,MIC,Partial,Medium,,Suggested: tap each tile with a coin while recording; the tap sound is classified hollow or solid.,The SE taps each tile with a coin or a small mallet while the phone records a short video; the tap sounds are classified hollow or solid and the frames show which tile was tapped. Needs a labelled sample set from your tiles and adhesive.,"MANUAL tap test by the SE, marking hollow tiles in the app.",Tile and adhesive type; sample recordings.,No hollow tiles,,30,Not started,,,,,,,ff808081818cac9e01818cb0c0330095
430,Wall cladding,Bull marking for flooring along with Colour and pattern for tiles having been approved by Customer and surface preparation,Pattern of laying tiles is confirmed with the client. - work man ship,PostWall Non Putty,,CRITICAL,No,,Floorwise,No,No,Process and approval,Client confirmation of the dado tile pattern recorded.,,,ATTEST,Evidence,High,,"Suggested: client approval step in the app, as for ID 199.","Same approval flow as ID 199, for the dado pattern.",Site-visit sign-off photo.,Tile layout drawing.,Approval present,199,10,Not started,,,,,,,ff808081818cac9e01818cb0c033008b
326,Internal Plastering,Plastering Complete,Scratch test has been conducted after 7 days of plastering and is found to be good.,PostWall Non Putty,,CRITICAL,No,,Floorwise,No,No,Workmanship defect,Plaster hardness: a scratch leaves a clean line without powdering or crumbling.,,,TAP,Partial,Medium,,Suggested: photo of the scratch mark with the tool in frame; Gemini judges powdering.,The SE scratches the plaster with a nail or a key and photographs the mark close up; the vision model judges a clean line against powdering or flaking. The app enforces the 7-day gap from the plastering date.,"MANUAL judgement by the SE, recorded with the photo.",Plastering completion date.,No powdering or crumbling,,30,Not started,,,,,,,ff808081818cac9e01818cb0c0320083
184,Final Miscellaneous works and cleaning,Final handover,Sign handover letter,FINAL WORK(Post Puttyl),,CRITICAL,Yes,,One-time,No,No,Process and approval,Handover letter signed by the client.,,,ATTEST,Evidence,High,,Suggested: e-signature step in the app.,An e-signature step in the app (OTP or a drawn signature on the letter). The signed document is the record.,Photo of the signed paper letter.,Handover letter template.,Signature present,,10,Not started,,,,,,,ff808081818cac9e01818cb0c03d00fb
439,Wall cladding,"Chasing for Plumbing Lines, installing Plumbing lines along with Chicken mesh complete",Surface has been prepared for tiling.,PostWall Non Putty,,REGULAR,No,,Floorwise,No,No,Presence and spec match,"Chases filled, mesh over pipe runs, surface hacked or roughened, clean, plumbing lines in place.",,,G-VIS,Partial,Medium,,"Suggested: Gemini checks the sweep for filled chases, mesh over the pipe runs, a hacked surface and cleanliness.","The vision model checks each rectified wall for filled chases, chicken mesh over the pipe runs, a hacked or roughened surface and no loose material. Pipe pressure testing is not visible and stays an ATTEST item.",TAP close-ups of the chases.,Surface preparation rubric.,Rubric pass,,0,Not started,,,,,,,ff808081818cac9e01818cb0c033008c
301,Internal Plastering,"Chasing, Conduit fixing, Door Frame Fixing, Grill Fixing and Chicken Mesh",Window grill to be checked as per the drawings and client approval,PostWall Non Putty,,REGULAR,No,,Floorwise,No,No,Presence and spec match,Grill design and size against the drawing; client approval recorded.,,,G-VIS,Partial,Medium,,Suggested: Gemini compares the grill in the sweep with the drawing or the approved design image.,Same spec-match detector as ID 125: the vision model compares the grill in the sweep with the drawing or the approved design image; size from the rectified wall. The approval is an ATTEST step.,TAP close-up of the grill.,Grill drawing or approved design image.,Design matches; approval present,125,0,Not started,,,,,,,01ebd2fb-a1b3-43ff-a5bd-e310dce3ed43
39,"Casting the lintels,staircase, blockwork upto the slab level",Blockwork upto Beam/Slab bottom level,Workmanship of the blockwork is as per standards,PostWall Non Putty,,REGULAR,No,,Floorwise,No,No,Workmanship defect,"Bond pattern (no continuous vertical joints), filled joints, broken or chipped blocks, clean faces.",,,G-VIS,Partial,Medium,,"Suggested: Gemini scores the blockwork in the sweep against a workmanship rubric, per wall.","The vision model scores each rectified wall against a workmanship rubric: staggered vertical joints, joints fully filled, no broken blocks, no mortar smears. Straightness and joint thickness are covered by IDs 31 and 36.",TAP close-ups where the model is unsure.,Your blockwork workmanship rubric.,Rubric pass,,0,Not started,,,,,,,44e7d79e-d2c7-4c4c-8695-8f2fc2a9541e
