sno,stage,CURRENT LIVE,task,qc,QC_TYPE_MEASUREMENT_VISUAL_TOOl,Phase,Removal Status,GYRO+AI,2D PHONE+AI,AI_NOT_ENABLED,Phase(More Divided),qc_category,is_no_go,measurement_type,measurement_config,hierarchy,capture_type,config_updated_on,qc_type,task_type,in_2_0,2_0_measurement_type,2_0_measurement_config,2_0_hierarchy,stage_id,task_id,qc_id,stage_type,2.0 Current
30,"Casting the lintels,staircase, blockwork upto the slab level",CURRENT_LIVE,Blockwork upto Beam/Slab bottom level,All the openings are at right angles and are vertical.,Tools,POST_WALL,No,YES,No,,PostWall Non Putty,,FALSE,NON_MEASUREMENT,,Floor,,2026-07-10,CRITICAL,CRITICAL,YES,NON_MEASUREMENT,,Floor > Space,4028f9ae818644790181864b9cce0026,ff808081818ae47e01818af17c0900d9,ff808081818cac9e01818cb0c02e0051,FLOORWISE_STAGE,
31,"Casting the lintels,staircase, blockwork upto the slab level",CURRENT_LIVE,Blockwork upto Beam/Slab bottom level,Blockwork has been checked in vertical and horizontal directions and is found to be straight.,Tools,POST_WALL,No,YES,No,,PostWall Non Putty,,FALSE,NON_MEASUREMENT,,Floor,,2026-07-10,CRITICAL,CRITICAL,YES,NON_MEASUREMENT,,Floor > Space > Wall,4028f9ae818644790181864b9cce0026,ff808081818ae47e01818af17c0900d9,ff808081818cac9e01818cb0c02e0052,FLOORWISE_STAGE,
33,"Casting the lintels,staircase, blockwork upto the slab level",CURRENT_LIVE,Blockwork upto Beam/Slab bottom level,Check for plumb in door and window openings,Tools,POST_WALL,No,YES,No,,PostWall Non Putty,,FALSE,NON_MEASUREMENT,,Floor,,2026-07-10,CRITICAL,CRITICAL,YES,NON_MEASUREMENT,,Floor > Space,4028f9ae818644790181864b9cce0026,ff808081818ae47e01818af17c0900d9,ff808081818cac9e01818cb0c02e0055,FLOORWISE_STAGE,
34,"Casting the lintels,staircase, blockwork upto the slab level",CURRENT_LIVE,Blockwork upto Beam/Slab bottom level,concrete band is provided at the height of 4feet as per standards,Tape,POST_WALL,No,YES,No,,PostWall Non Putty,,FALSE,NON_MEASUREMENT,,Floor,,2026-07-10,REGULAR,CRITICAL,YES,NON_MEASUREMENT,,Floor > Space,4028f9ae818644790181864b9cce0026,ff808081818ae47e01818af17c0900d9,cd843141-8f6e-4561-8586-35477991dd9e,FLOORWISE_STAGE,
36,"Casting the lintels,staircase, blockwork upto the slab level",CURRENT_LIVE,Blockwork upto Beam/Slab bottom level,Mortar thickness is checked and is found to be ok.,Tape,POST_WALL,No,YES,No,,PostWall Non Putty,,FALSE,NON_MEASUREMENT,,Floor,,2026-07-10,REGULAR,CRITICAL,YES,NON_MEASUREMENT,,Floor > Space,4028f9ae818644790181864b9cce0026,ff808081818ae47e01818af17c0900d9,ff808081818cac9e01818cb0c02e0053,FLOORWISE_STAGE,
37,"Casting the lintels,staircase, blockwork upto the slab level",CURRENT_LIVE,Blockwork upto Beam/Slab bottom level,Sofit of the doors and windows are in tube level,Tools,POST_WALL,No,YES,No,,PostWall Non Putty,,FALSE,NON_MEASUREMENT,,Floor,,2026-07-10,REGULAR,CRITICAL,YES,NON_MEASUREMENT,,Floor > Space,4028f9ae818644790181864b9cce0026,ff808081818ae47e01818af17c0900d9,c5d36f17-44a3-476d-946c-0423ce285889,FLOORWISE_STAGE,
38,"Casting the lintels,staircase, blockwork upto the slab level",CURRENT_LIVE,Blockwork upto Beam/Slab bottom level,Verticality of the column is checked above the lintel,Tools,POST_WALL,No,YES,No,,PostWall Non Putty,,FALSE,NON_MEASUREMENT,,Floor,,2026-07-10,REGULAR,CRITICAL,YES,NON_MEASUREMENT,,Floor > Space,4028f9ae818644790181864b9cce0026,ff808081818ae47e01818af17c0900d9,df23d09d-c89f-42e5-a4d8-57e704290479,FLOORWISE_STAGE,
40,"Casting the lintels,staircase, blockwork upto the slab level",CURRENT_LIVE,During Lintel casting and curing,All the Lintels at the openings are placed at standards heights as per the drawing,Tape,POST_WALL,No,YES,No,,PostWall Non Putty,OPTIONAL,FALSE,NON_MEASUREMENT,,Floor,,2026-07-10,REGULAR,CRITICAL,YES,NON_MEASUREMENT,,Floor > Space,4028f9ae818644790181864b9cce0026,ff808081818ae47e01818af17c0900d4,fa098a6a-46e0-44ff-9383-9b350dcc700b,FLOORWISE_STAGE,
63,"Casting the lintels,staircase, blockwork upto the slab level",CURRENT_LIVE,Lintel Shuttering and Reinforcement,Standard lintel dimension has been maintained as per structural drawing.,Tape,POST_WALL,No,YES,No,,PostWall Non Putty,,FALSE,NON_MEASUREMENT,,Floor,,2026-07-10,REGULAR,CRITICAL,YES,NON_MEASUREMENT,,Floor > Space,4028f9ae818644790181864b9cce0026,ff808081818ae47e01818af17c0900d3,8a7483bc8adaa888018add7add9d0004,FLOORWISE_STAGE,
69,"Casting the lintels,staircase, blockwork upto the slab level",CURRENT_LIVE,Staircase During Concreting,Concrete is compacted properly using vibrators.,Tools,POST_WALL,No,YES,No,,PostWall Non Putty,,TRUE,NON_MEASUREMENT,,Floor,,2026-07-10,CRITICAL,CRITICAL,YES,NON_MEASUREMENT,,Floor > Space,4028f9ae818644790181864b9cce0026,ff808081818ae47e01818af17c0900d7,ff808081818cac9e01818cb0c02d004c,FLOORWISE_STAGE,
72,"Column rising, blockwork upto lintel level",CURRENT_LIVE,Blockwork base course,Blockwork has been checked in vertical and horizontal directions and is found to be straight.,Tools,POST_WALL,No,YES,No,,PostWall Non Putty,,FALSE,NON_MEASUREMENT,,Floor,,2026-07-10,CRITICAL,CRITICAL,YES,NON_MEASUREMENT,,Floor > Space,4028f9ae818644790181864b9cce0025,ff808081818ae47e01818af17c0900d1,ff808081818cac9e01818cb0c02e0052,FLOORWISE_STAGE,
76,"Column rising, blockwork upto lintel level",CURRENT_LIVE,Blockwork base course,Mortar thickness is checked and is found to be ok.,Tape,POST_WALL,No,YES,No,,PostWall Non Putty,,FALSE,NON_MEASUREMENT,,Floor,,2026-07-10,REGULAR,CRITICAL,YES,NON_MEASUREMENT,,Floor > Space,4028f9ae818644790181864b9cce0025,ff808081818ae47e01818af17c0900d1,ff808081818cac9e01818cb0c02e0053,FLOORWISE_STAGE,
77,"Column rising, blockwork upto lintel level",CURRENT_LIVE,Blockwork upto Lintel,All the openings are at right angles and are vertical.,Tools,POST_WALL,No,YES,No,,PostWall Non Putty,,FALSE,NON_MEASUREMENT,,Floor,,2026-07-10,CRITICAL,CRITICAL,YES,NON_MEASUREMENT,,Floor > Space,4028f9ae818644790181864b9cce0025,ff808081818ae47e01818af17c0900d2,ff808081818cac9e01818cb0c02e0051,FLOORWISE_STAGE,
79,"Column rising, blockwork upto lintel level",CURRENT_LIVE,Blockwork upto Lintel,Check for plumb in door and window openings,Tools,POST_WALL,No,YES,No,,PostWall Non Putty,,FALSE,NON_MEASUREMENT,,Floor,,2026-07-10,CRITICAL,CRITICAL,YES,NON_MEASUREMENT,,Floor > Space,4028f9ae818644790181864b9cce0025,ff808081818ae47e01818af17c0900d2,ff808081818cac9e01818cb0c02e0055,FLOORWISE_STAGE,
83,"Column rising, blockwork upto lintel level",CURRENT_LIVE,Blockwork upto Lintel,Sill concrete is provided at the standrad height as per drawing/Spec,Tape,POST_WALL,No,YES,No,,PostWall Non Putty,,FALSE,NON_MEASUREMENT,,Floor,,2026-07-10,REGULAR,CRITICAL,YES,NON_MEASUREMENT,,Floor > Space,4028f9ae818644790181864b9cce0025,ff808081818ae47e01818af17c0900d2,383aa31e-d270-4190-b755-653c93a94b0b,FLOORWISE_STAGE,
84,"Column rising, blockwork upto lintel level",CURRENT_LIVE,Blockwork upto Lintel,Verticality of the walls has been checked and is good to go.,Tools,POST_WALL,No,YES,No,,PostWall Non Putty,,FALSE,NON_MEASUREMENT,,Floor,,2026-07-10,CRITICAL,CRITICAL,YES,NON_MEASUREMENT,,Floor > Space,4028f9ae818644790181864b9cce0025,ff808081818ae47e01818af17c0900d2,ff808081818cac9e01818cb0c02e0054,FLOORWISE_STAGE,
107,Compound wall,,Block work and plastering compound wall,Buttress in masonry or concrete at regular intervals has been provided to avoid long length of compound wall,Tape,POST_WALL,No,YES,No,,COMPOUND WALL(Post Wall),,FALSE,NON_MEASUREMENT,,Floor,,2026-07-10,CRITICAL,REGULAR,NO,,,,bd245885-5596-4a6e-a2d2-7734ed24c9bc,463766cd-8524-40fb-9192-7cccf191611c,442ef689-57e1-4c31-84d5-d54a595305ca,INITIAL_ONE_TIME_STAGE,
108,Compound wall,,Block work and plastering compound wall,Height & Width of compound wall is as per specification.,Tape,POST_WALL,No,YES,No,,COMPOUND WALL(Post Wall),,FALSE,NON_MEASUREMENT,,Floor,,2026-07-10,CRITICAL,REGULAR,NO,,,,bd245885-5596-4a6e-a2d2-7734ed24c9bc,463766cd-8524-40fb-9192-7cccf191611c,bc6e0ab5-392e-4e22-8d9d-da7501956afa,INITIAL_ONE_TIME_STAGE,
109,Compound wall,,Block work and plastering compound wall,Plastering surface is level and free from undulations.,Tools,POST_WALL,No,YES,No,,COMPOUND WALL(Post Wall),,FALSE,NON_MEASUREMENT,,Floor,,2026-07-10,CRITICAL,REGULAR,NO,,,,bd245885-5596-4a6e-a2d2-7734ed24c9bc,463766cd-8524-40fb-9192-7cccf191611c,fba86fa1-ea2a-4af4-a7e4-f0af5f95ced7,INITIAL_ONE_TIME_STAGE,
110,Compound wall,,Completion of SSM (If SSM under compound beam),SSM top level and width to be checked,Tape,POST_WALL,No,YES,No,,COMPOUND WALL(Post Wall),,FALSE,NON_MEASUREMENT,,Floor,,2026-07-10,CRITICAL,REGULAR,NO,,,,bd245885-5596-4a6e-a2d2-7734ed24c9bc,858b6ec2-e991-4292-854d-66c186b5e4bc,7d2bc1aa-e54e-4453-b014-535a27d5da9d,INITIAL_ONE_TIME_STAGE,
111,Compound wall,,PCC for SSM (If SSM under compound beam),SSM layout to be checked,Tape,POST_WALL,No,YES,No,,COMPOUND WALL(Post Wall),,FALSE,NON_MEASUREMENT,,Floor,,2026-07-10,CRITICAL,REGULAR,NO,,,,bd245885-5596-4a6e-a2d2-7734ed24c9bc,ec5a7da3-3b7c-4e9b-83ed-42e66ad06cfc,edc4737e-d143-4300-946e-11589541d450,INITIAL_ONE_TIME_STAGE,
123,Doors & Windows,CURRENT_LIVE,Windows and Doors installation,Doors/ windows/ ventilator grill fixing finishing is uniform,Tape,POST_WALL,No,YES,No,,POST PUTTY,,FALSE,NON_MEASUREMENT,,Floor,,2026-07-17,REGULAR,CRITICAL,NO,,,,82c40283-df9e-40cf-a9f9-c0c3eccd9ac1,5c8d95b2-fd2d-4a7f-8313-2f491ce66720,298f35ed30e44a9395614cef23eef52b,INITIAL_ONE_TIME_STAGE,
125,Doors & Windows,CURRENT_LIVE,Windows and Doors installation,Doors/windows/ventilators are as per specified size and design,Tape,POST_WALL,No,YES,No,,POST PUTTY,,FALSE,NON_MEASUREMENT,,Floor,,2026-07-17,REGULAR,CRITICAL,NO,,,,82c40283-df9e-40cf-a9f9-c0c3eccd9ac1,5c8d95b2-fd2d-4a7f-8313-2f491ce66720,bb228272843f424e8719dbd72218d8c1,INITIAL_ONE_TIME_STAGE,
127,Doors & Windows,CURRENT_LIVE,Windows and Doors installation,"Doors/windows/ventilators shutters are fine, in level and latches when closed",Tape,POST_WALL,No,YES,No,,POST PUTTY,,FALSE,NON_MEASUREMENT,,Floor,,2026-07-17,REGULAR,CRITICAL,NO,,,,82c40283-df9e-40cf-a9f9-c0c3eccd9ac1,5c8d95b2-fd2d-4a7f-8313-2f491ce66720,a599e957e81243c0a7223dcdbfb05068,INITIAL_ONE_TIME_STAGE,
128,Doors & Windows,CURRENT_LIVE,Windows and Doors installation,Door/Windows/Ventilator are placed as per the drawings and the sill height is good,Tape,POST_WALL,No,YES,No,,POST PUTTY,,FALSE,NON_MEASUREMENT,,Floor,,2026-07-17,REGULAR,CRITICAL,NO,,,,82c40283-df9e-40cf-a9f9-c0c3eccd9ac1,5c8d95b2-fd2d-4a7f-8313-2f491ce66720,d9b51ac715df43b983131a0033fd65ed,INITIAL_ONE_TIME_STAGE,
171,Fabrication works,CURRENT_LIVE,"Fabrication works - Staircase and Balcony railing , Chamber covers, Gate complete",check for chamber cover specifications,Tape,POST_WALL,No,YES,No,,Fabrication(Post Puttyl),,FALSE,NON_MEASUREMENT,,Floor,,2026-07-10,REGULAR,REGULAR,NO,,,,4028f9ae818644790181864b9cd40030,ff808081818ae47e01818af17c0f00fe,ff808081818cac9e01818cb0c03c00f2,INITIAL_ONE_TIME_STAGE,
172,Fabrication works,CURRENT_LIVE,"Fabrication works - Staircase and Balcony railing , Chamber covers, Gate complete","Check for height, verticality,alignment&Spacing",Tape,POST_WALL,No,YES,No,,Fabrication(Post Puttyl),,FALSE,NON_MEASUREMENT,,Floor,,2026-07-10,REGULAR,REGULAR,NO,,,,4028f9ae818644790181864b9cd40030,ff808081818ae47e01818af17c0f00fe,ff808081818cac9e01818cb0c03c00ed,INITIAL_ONE_TIME_STAGE,
176,Fabrication works,CURRENT_LIVE,"Fabrication works - Staircase and Balcony railing , Chamber covers, Gate complete",Check for welding thickness & joints,Tape,POST_WALL,No,YES,No,,Fabrication(Post Puttyl),,FALSE,NON_MEASUREMENT,,Floor,,2026-07-10,REGULAR,REGULAR,NO,,,,4028f9ae818644790181864b9cd40030,ff808081818ae47e01818af17c0f00fe,ff808081818cac9e01818cb0c03c00ee,INITIAL_ONE_TIME_STAGE,
186,Final Miscellaneous works and cleaning,,Handover QA request raised,Doors and windows are as per the contract.,Tape,POST_WALL,No,YES,No,,FINAL WORK(Post Puttyl),,FALSE,NON_MEASUREMENT,,Floor,,2026-07-10,CRITICAL,CRITICAL,NO,,,,4028f9ae818644790181864b9cd50032,ff808081818ae47e01818af17c0f0102,ff808081818cac9e01818cb0c03600b6,INITIAL_ONE_TIME_STAGE,
199,Flooring,CURRENT_LIVE,Bull marking for flooring along with Colour and pattern for tiles having been approved by Customer and surface preparation for dry areas,Joints alignment/Pattern/Spacer usage have been discussed and approved by client.,Tools,POST_WALL,No,YES,No,,Flooring(Postwall),,TRUE,NON_MEASUREMENT,,Floor,,2026-07-10,CRITICAL,CRITICAL,YES,NON_MEASUREMENT,,Floor > Space,4028f9ae818644790181864b9cd1002b,ff808081818ae47e01818af17c0e00ec,ff808081818cac9e01818cb0c034009f,FLOORWISE_STAGE,
206,Flooring,CURRENT_LIVE,Bull marking for flooring of wet areas along with bore packing,The mortar bed should adjust the required slope before laying the tile.,Tape,POST_WALL,No,YES,No,,Flooring(Postwall),,FALSE,NON_MEASUREMENT,,Floor,,2026-07-10,REGULAR,CRITICAL,YES,NON_MEASUREMENT,,Floor > Space,4028f9ae818644790181864b9cd1002b,ff808081818ae47e01818af17c0e00ea,8a7483bc8adaa888018add7add9e0019,FLOORWISE_STAGE,
207,Flooring,CURRENT_LIVE,Flooring in Dry areas,Are the joints properly aligned?,Tools,POST_WALL,No,YES,No,,Flooring(Postwall),,TRUE,NON_MEASUREMENT,,Floor,,2026-07-10,CRITICAL,CRITICAL,YES,NON_MEASUREMENT,,Floor > Space,4028f9ae818644790181864b9cd1002b,ff808081818ae47e01818af17c0e00ed,ff808081818cac9e01818cb0c03400a4,FLOORWISE_STAGE,
216,Flooring,CURRENT_LIVE,Flooring in Dry areas,Skirting to be fixed as per specification and to the standard height,Tape,POST_WALL,No,YES,No,,Flooring(Postwall),,FALSE,NON_MEASUREMENT,,Floor,,2026-07-10,REGULAR,CRITICAL,YES,NON_MEASUREMENT,,Floor > Space,4028f9ae818644790181864b9cd1002b,ff808081818ae47e01818af17c0e00ed,fe28ef55-3e1d-4cd3-b8b8-cb4582d8a74e,FLOORWISE_STAGE,
219,Flooring,CURRENT_LIVE,Flooring in wet areas,Balcony/ Bathroom: Tiles is cut as per the grating - square / circle,Tools,POST_WALL,No,YES,No,,Flooring(Postwall),,FALSE,NON_MEASUREMENT,,Floor,,2026-07-10,REGULAR,CRITICAL,YES,NON_MEASUREMENT,,Floor > Space,4028f9ae818644790181864b9cd1002b,ff808081818ae47e01818af17c0e00eb,ff808081818cac9e01818cb0c034009d,FLOORWISE_STAGE,
222,Flooring,CURRENT_LIVE,Flooring in wet areas,Joints alignment/Pattern/Spacer usage have been discussed and approved by client.,Tools,POST_WALL,No,YES,No,,Flooring(Postwall),,TRUE,NON_MEASUREMENT,,Floor,,2026-07-10,CRITICAL,CRITICAL,YES,NON_MEASUREMENT,,Floor > Space,4028f9ae818644790181864b9cd1002b,ff808081818ae47e01818af17c0e00eb,ff808081818cac9e01818cb0c034009f,FLOORWISE_STAGE,
272,"Internal & External Painting - Final coat, Plumbing fittings",CURRENT_LIVE,"Final coat of painting, CP fittings installation complete",Check for thickness of the granite is as per the requirement.,Tape,POST_WALL,No,YES,No,,POST PUTTY,,FALSE,NON_MEASUREMENT,,Floor,,2026-07-10,REGULAR,CRITICAL,NO,,,,4028f9ae818644790181864b9cd40031,ff808081818ae47e01818af17c0f00ff,432fe711-b9bf-460f-90c7-2b2e5a5d4a72,INITIAL_ONE_TIME_STAGE,
274,"Internal & External Painting - Final coat, Plumbing fittings",CURRENT_LIVE,"Final coat of painting, CP fittings installation complete",Check whether the provision is made for sink fixing,Tape,POST_WALL,No,YES,No,,POST PUTTY,,FALSE,NON_MEASUREMENT,,Floor,,2026-07-10,REGULAR,CRITICAL,NO,,,,4028f9ae818644790181864b9cd40031,ff808081818ae47e01818af17c0f00ff,5b7a47ea-ef58-46f5-9128-5fe0c812150c,INITIAL_ONE_TIME_STAGE,
286,"Internal & External Painting - Final coat, Plumbing fittings",CURRENT_LIVE,"Final coat of painting, CP fittings installation complete",Railing Material adheres to the specifications and are as per the package,Tape,POST_WALL,No,YES,No,,POST PUTTY,,FALSE,NON_MEASUREMENT,,Floor,,2026-07-10,REGULAR,CRITICAL,NO,,,,4028f9ae818644790181864b9cd40031,ff808081818ae47e01818af17c0f00ff,bccee11b-603c-4d3b-bb34-f0a748a17901,INITIAL_ONE_TIME_STAGE,
294,Internal & External Painting - Putty works,CURRENT_LIVE,Surface preparation works - Painting readiness Complete,All corners are in line and finished properly.,Tools,POST_WALL,No,YES,No,,POST PUTTY,,FALSE,NON_MEASUREMENT,,Floor,,2026-07-10,CRITICAL,REGULAR,NO,,,,4028f9ae818644790181864b9cd2002d,ff808081818ae47e01818af17c0f00f1,ff808081818cac9e01818cb0c03500aa,INITIAL_ONE_TIME_STAGE,
296,Internal & External Painting - Putty works,CURRENT_LIVE,Surface preparation works - Painting readiness Complete,Edges of window frames & door frames are perfectly vertical.,Tools,POST_WALL,No,YES,No,,POST PUTTY,,FALSE,NON_MEASUREMENT,,Floor,,2026-07-10,CRITICAL,REGULAR,NO,,,,4028f9ae818644790181864b9cd2002d,ff808081818ae47e01818af17c0f00f1,ff808081818cac9e01818cb0c03500a9,INITIAL_ONE_TIME_STAGE,
317,Internal Plastering,CURRENT_LIVE,"Electrical Point marking, Plumbing Point marking and Bull Marking for plastering",Switch boxes in position and properly finished.,Tape,POST_WALL,No,YES,No,,PostWall Non Putty,,TRUE,NON_MEASUREMENT,,Floor,,2026-07-10,CRITICAL,CRITICAL,YES,NON_MEASUREMENT,,Floor > Space,4028f9ae818644790181864b9cd00028,ff808081818ae47e01818af17c0c00df,ff808081818cac9e01818cb0c0300077,FLOORWISE_STAGE,
318,Internal Plastering,CURRENT_LIVE,Plastering Complete,All spaces wall corners are at right angle,Tools,POST_WALL,No,YES,No,,PostWall Non Putty,,FALSE,NON_MEASUREMENT,,Floor,,2026-07-10,REGULAR,REGULAR,YES,NON_MEASUREMENT,,Floor > Space,4028f9ae818644790181864b9cd00028,ff808081818ae47e01818af17c0d00e2,30b13c76-86a7-4249-8b85-5f3ee664ebae,FLOORWISE_STAGE,
319,Internal Plastering,CURRENT_LIVE,Plastering Complete,All the openings are at right angles and are vertical.,Tools,POST_WALL,No,YES,No,,PostWall Non Putty,,FALSE,NON_MEASUREMENT,,Floor,,2026-07-10,CRITICAL,REGULAR,YES,NON_MEASUREMENT,,Floor > Space,4028f9ae818644790181864b9cd00028,ff808081818ae47e01818af17c0d00e2,ff808081818cac9e01818cb0c02e0051,FLOORWISE_STAGE,
325,Internal Plastering,CURRENT_LIVE,Plastering Complete,Plastering surface is level and free from undulations,Tools,POST_WALL,No,YES,No,,PostWall Non Putty,,FALSE,NON_MEASUREMENT,,Floor,,2026-07-10,REGULAR,REGULAR,YES,NON_MEASUREMENT,,Floor > Space,4028f9ae818644790181864b9cd00028,ff808081818ae47e01818af17c0d00e2,ff808081818cac9e01818cb0c031007f,FLOORWISE_STAGE,
327,Internal Plastering,CURRENT_LIVE,Plastering Complete,Sharp edges have been maintained at the junctions of all doors and windows.,Tools,POST_WALL,No,YES,No,,PostWall Non Putty,,FALSE,NON_MEASUREMENT,,Floor,,2026-07-10,CRITICAL,REGULAR,YES,NON_MEASUREMENT,,Floor > Space,4028f9ae818644790181864b9cd00028,ff808081818ae47e01818af17c0d00e2,ff808081818cac9e01818cb0c0310081,FLOORWISE_STAGE,
328,Internal Plastering,CURRENT_LIVE,Plastering Complete,The Level and plumb of the window grills are checked.,Tools,POST_WALL,No,YES,No,,PostWall Non Putty,,FALSE,NON_MEASUREMENT,,Floor,,2026-07-10,REGULAR,REGULAR,YES,NON_MEASUREMENT,,Floor > Space,4028f9ae818644790181864b9cd00028,ff808081818ae47e01818af17c0d00e2,47ba5d5d-0cda-42cc-8227-9b8de3ef9527,FLOORWISE_STAGE,
329,Internal Plastering,CURRENT_LIVE,Plastering Complete,Window and doors jambs are at right angle and and sharp edges are provided.,Tools,POST_WALL,No,YES,No,,PostWall Non Putty,,FALSE,NON_MEASUREMENT,,Floor,,2026-07-10,REGULAR,REGULAR,YES,NON_MEASUREMENT,,Floor > Space,4028f9ae818644790181864b9cd00028,ff808081818ae47e01818af17c0d00e2,2a05f2c9-95c9-42ff-a163-78ff6f409d11,FLOORWISE_STAGE,
432,Wall cladding,CURRENT_LIVE,Bull marking for Wall Dado,Bathroom inner wall - electrical points  are as per standard height.,Tape,POST_WALL,No,YES,No,,PostWall Non Putty,,FALSE,NON_MEASUREMENT,,Floor,,2026-07-10,CRITICAL,CRITICAL,YES,NON_MEASUREMENT,,Floor > Space,4028f9ae818644790181864b9cd1002a,ff808081818ae47e01818af17c0d00e7,ff808081818cfb8701818d0047600155,FLOORWISE_STAGE,
433,Wall cladding,CURRENT_LIVE,Bull marking for Wall Dado,Bathroom inner wall - electrical points & plumbing points are as per standard height.,Tape,POST_WALL,No,YES,No,,PostWall Non Putty,,FALSE,NON_MEASUREMENT,,Floor,,2026-07-10,CRITICAL,CRITICAL,YES,NON_MEASUREMENT,DEFAULT,Floor > Space > Wall,4028f9ae818644790181864b9cd1002a,ff808081818ae47e01818af17c0d00e7,ff808081818cac9e01818cb0c033008f,FLOORWISE_STAGE,
434,Wall cladding,CURRENT_LIVE,Bull marking for Wall Dado,"Bathroom internal wall-Plumbing points mixer,wash basin is as per standard height from FFL",tape,POST_WALL,No,YES,No,,PostWall Non Putty,,FALSE,NON_MEASUREMENT,,Floor,,2026-07-17,CRITICAL,CRITICAL,YES,NON_MEASUREMENT,,Floor > Space,4028f9ae818644790181864b9cd1002a,ff808081818ae47e01818af17c0d00e7,ff808081818cfb8701818d0047600157,FLOORWISE_STAGE,
436,Wall cladding,CURRENT_LIVE,Bull marking for Wall Dado,Plumb check for the wall has been done and is found to be ok.,Tools,POST_WALL,No,YES,No,,PostWall Non Putty,,FALSE,NON_MEASUREMENT,,Floor,,2026-07-10,CRITICAL,CRITICAL,YES,NON_MEASUREMENT,,Floor > Space,4028f9ae818644790181864b9cd1002a,ff808081818ae47e01818af17c0d00e7,ff808081818cac9e01818cb0c033008d,FLOORWISE_STAGE,
437,Wall cladding,CURRENT_LIVE,Bull marking for Wall Dado,Position of ventilator has been checked and is good to go.,Tape,POST_WALL,No,YES,No,,PostWall Non Putty,,FALSE,NON_MEASUREMENT,,Floor,,2026-07-10,CRITICAL,CRITICAL,YES,NON_MEASUREMENT,,Floor > Space,4028f9ae818644790181864b9cd1002a,ff808081818ae47e01818af17c0d00e7,ff808081818cac9e01818cb0c033008e,FLOORWISE_STAGE,
438,Wall cladding,CURRENT_LIVE,Bull marking for Wall Dado,Setting out been done.,Tape,POST_WALL,No,YES,No,,PostWall Non Putty,,FALSE,NON_MEASUREMENT,,Floor,,2026-07-10,REGULAR,CRITICAL,YES,NON_MEASUREMENT,,Floor > Space,4028f9ae818644790181864b9cd1002a,ff808081818ae47e01818af17c0d00e7,ff808081818cac9e01818cb0c0330091,FLOORWISE_STAGE,
441,Wall cladding,CURRENT_LIVE,During Fixing Wall dado,Joint thickness is less than 3mm.,Tape,POST_WALL,No,YES,No,,PostWall Non Putty,,FALSE,NON_MEASUREMENT,,Floor,,2026-07-10,REGULAR,REGULAR,YES,NON_MEASUREMENT,,Floor > Space,4028f9ae818644790181864b9cd1002a,ff808081818ae47e01818af17c0d00e8,ff808081818cac9e01818cb0c0330093,FLOORWISE_STAGE,
456,Water Proofing,CURRENT_LIVE,During Waterproofing of wet areas,Waterproofing coat has been applied upto a height of 1feet for all the adjacent walls of wet areas,Tape,POST_WALL,No,YES,No,,PostWall Non Putty,,FALSE,NON_MEASUREMENT,,Floor,,2026-07-10,REGULAR,CRITICAL,YES,NON_MEASUREMENT,,Floor > Space,4028f9ae818644790181864b9cd00029,ff808081818ae47e01818af17c0d00e4,57c1924d-726c-4c69-838d-a18b5602309c,FLOORWISE_STAGE,