201,Flooring,,Bull marking for flooring of wet areas along with bore packing,All MEP works are completed as per the drawings.,#REF!,POST_WALL,No,No,No,AI_NOT_ENABLED,Flooring(Postwall),,False,NON_MEASUREMENT,,Floor,COVERAGE,2026-07-10,REGULAR,CRITICAL,NO,,,,4028f9ae818644790181864b9cd1002b,ff808081818ae47e01818af17c0e00ea,c140f439-5553-4fbf-b967-793f3b7b27c0,FLOORWISE_STAGE
448,Water Proofing,,During Waterproofing of wet areas,Balcony/ Bathroom: 2 day water ponding test is done and is found to be ok.,#REF!,POST_WALL,No,No,No,AI_NOT_ENABLED,PostWall Non Putty ,,False,NON_MEASUREMENT,,Floor,,2026-07-10,CRITICAL,CRITICAL,NO,,,,4028f9ae818644790181864b9cd00029,ff808081818ae47e01818af17c0d00e4,ff808081818cac9e01818cb0c033008a,FLOORWISE_STAGE
450,Water Proofing,,During Waterproofing of wet areas,Balcony/ Bathroom: Screed concrete Curing done as per standards,#REF!,POST_WALL,No,No,No,AI_NOT_ENABLED,PostWall Non Putty ,,False,NON_MEASUREMENT,,Floor,,2026-07-10,REGULAR,CRITICAL,NO,,,,4028f9ae818644790181864b9cd00029,ff808081818ae47e01818af17c0d00e4,f52f84f0-4259-4e73-93f5-78667233b459,FLOORWISE_STAGE
451,Water Proofing,,During Waterproofing of wet areas,Balcony/ Bathroom: Screed concrete mix is as per specifications,#REF!,POST_WALL,No,No,No,AI_NOT_ENABLED,PostWall Non Putty ,,False,NON_MEASUREMENT,,Floor,,2026-07-10,REGULAR,CRITICAL,NO,,,,4028f9ae818644790181864b9cd00029,ff808081818ae47e01818af17c0d00e4,6b7a5ef8-2c86-4e26-a2af-805b3e4ea114,FLOORWISE_STAGE
205,Flooring,,Bull marking for flooring of wet areas along with bore packing,Balcony/ Bathroom: Slope of the flooring is checked and is ok.,#REF!,POST_WALL,No,No,No,AI_NOT_ENABLED,Flooring(Postwall),,False,NON_MEASUREMENT,,Floor,COVERAGE,2026-07-10,CRITICAL,CRITICAL,NO,,,,4028f9ae818644790181864b9cd1002b,ff808081818ae47e01818af17c0e00ea,ff808081818cac9e01818cb0c033009a,FLOORWISE_STAGE
196,Flooring,,Bull marking for flooring along with Colour and pattern for tiles having been approved by Customer and surface preparation for dry areas,"Before tiling, SFL (Standard Floor Level) should be transferred from main entrance, passage, or corridor based on site conditions.",#REF!,POST_WALL,No,No,No,AI_NOT_ENABLED,Flooring(Postwall),,False,NON_MEASUREMENT,,Floor,,2026-07-10,REGULAR,CRITICAL,NO,,,,4028f9ae818644790181864b9cd1002b,ff808081818ae47e01818af17c0e00ec,d7f552bf-0319-408e-b148-94f4bd2b8a08,FLOORWISE_STAGE
299,Internal Plastering,,"Chasing, Conduit fixing, Door Frame Fixing, Grill Fixing and Chicken Mesh",Cement mortar mix is found to be as per the contract.,#REF!,POST_WALL,No,No,No,AI_NOT_ENABLED,PostWall Non Putty ,,False,NON_MEASUREMENT,,Floor,,2026-07-10,REGULAR,CRITICAL,NO,,,,4028f9ae818644790181864b9cd00028,ff808081818ae47e01818af17c0c00e0,ff808081818cac9e01818cb0c0310079,FLOORWISE_STAGE
322,Internal Plastering,,Plastering Complete,Client to give a go ahead on the location of the plumbing points.,#REF!,POST_WALL,No,No,No,AI_NOT_ENABLED,PostWall Non Putty ,,False,NON_MEASUREMENT,,Floor,,2026-07-10,CRITICAL,REGULAR,NO,,,,4028f9ae818644790181864b9cd00028,ff808081818ae47e01818af17c0d00e2,ff808081818cac9e01818cb0c0300074,FLOORWISE_STAGE
47,"Casting the lintels,staircase, blockwork upto the slab level",,First Flight Staircase Reinforcement,"Dia of main bars (in both the direction), spacing of bars as per structural drawing.",Visual,POST_WALL,No,No,No,AI_NOT_ENABLED,PostWall Non Putty ,,False,NON_MEASUREMENT,,Floor,,2026-07-10,REGULAR,CRITICAL,NO,,,,4028f9ae818644790181864b9cce0026,ff808081818ae47e01818af17c0900d6,ff808081818cac9e01818cb0c02b001a,FLOORWISE_STAGE
61,"Casting the lintels,staircase, blockwork upto the slab level",,Lintel Shuttering and Reinforcement,"Dia of main bars (in both the direction), spacing of bars as per structural drawing.",Visual,POST_WALL,No,No,No,AI_NOT_ENABLED,PostWall Non Putty ,,False,NON_MEASUREMENT,,Floor,,2026-07-10,REGULAR,CRITICAL,NO,,,,4028f9ae818644790181864b9cce0026,ff808081818ae47e01818af17c0900d3,ff808081818cac9e01818cb0c02b001a,FLOORWISE_STAGE
80,"Column rising, blockwork upto lintel level",,Blockwork upto Lintel,Diagonals have been checked and wall are found to be at right angles.,Tools,POST_WALL,No,No,No,AI_NOT_ENABLED,PostWall Non Putty ,,False,NON_MEASUREMENT,,Floor,,2026-07-10,CRITICAL,CRITICAL,NO,,,,4028f9ae818644790181864b9cce0025,ff808081818ae47e01818af17c0900d2,ff808081818cac9e01818cb0c02e0050,FLOORWISE_STAGE
81,"Column rising, blockwork upto lintel level",,Blockwork upto Lintel,"During blockwork, keep 1"" extra clearance in height and width for window and door openings.",#REF!,POST_WALL,No,No,,AI_NOT_ENABLED,PostWall Non Putty ,,False,NON_MEASUREMENT,,,,,REGULAR,CRITICAL,NO,,,,4028f9ae818644790181864b9cce0025,ff808081818ae47e01818af17c0900d2,477e8426-a6cf-40cc-856a-b9fb3d9b411a,FLOORWISE_STAGE
147,Electrical and Plumbing Work,,Switches and socket installation,Electrical fixing is well finished and free from any gaps at ceiling,#REF!,POST_WALL,No,No,No,AI_NOT_ENABLED,POST PUTTY,,False,NON_MEASUREMENT,,Floor,,2026-07-17,REGULAR,CRITICAL,NO,,,,cb7d8c56-49b8-40e7-98e0-923d653e54f0,a2011a53-c1d8-4b57-9f95-5d3d7677e66b,78539e9430a34acbb960e81f48828a8b,INITIAL_ONE_TIME_STAGE
42,"Casting the lintels,staircase, blockwork upto the slab level",,During Lintel casting and curing,"Exposed steel if any, Is packed as per standards",#REF!,POST_WALL,No,No,No,AI_NOT_ENABLED,PostWall Non Putty ,,False,NON_MEASUREMENT,,Floor,,2026-07-10,REGULAR,CRITICAL,NO,,,,4028f9ae818644790181864b9cce0026,ff808081818ae47e01818af17c0900d4,6948ec33-2ba1-43e8-9d65-b2a63e3bf66a,FLOORWISE_STAGE
68,"Casting the lintels,staircase, blockwork upto the slab level",,Staircase concreting complete,"Exposed steel if any, Is packed as per standards",#REF!,POST_WALL,No,No,No,AI_NOT_ENABLED,PostWall Non Putty ,,False,NON_MEASUREMENT,,Floor,,2026-07-17,REGULAR,REGULAR,NO,,,,4028f9ae818644790181864b9cce0026,ff808081818ae47e01818af17c0900d8,76000640-1274-4a93-86a8-7a599863710d,FLOORWISE_STAGE
312,Internal Plastering,,"Electrical Point marking, Plumbing Point marking and Bull Marking for plastering","Exposed steel if any, Is packed as per standards",#REF!,POST_WALL,No,No,No,AI_NOT_ENABLED,PostWall Non Putty ,,False,NON_MEASUREMENT,,Floor,,2026-07-10,REGULAR,CRITICAL,NO,,,,4028f9ae818644790181864b9cd00028,ff808081818ae47e01818af17c0c00df,12919a89-ca23-4d5d-a4a1-2d4e23080c8e,FLOORWISE_STAGE
453,Water Proofing,,During Waterproofing of wet areas,Haunching has been done in wet areas,#REF!,POST_WALL,No,No,No,AI_NOT_ENABLED,PostWall Non Putty ,,False,NON_MEASUREMENT,,Floor,,2026-07-10,REGULAR,CRITICAL,NO,,,,4028f9ae818644790181864b9cd00029,ff808081818ae47e01818af17c0d00e4,c2b91087-41e3-41ae-a979-602a5f02640a,FLOORWISE_STAGE
304,Internal Plastering,,During Plastering,Mortar is mixed with bonding agent as per the contract specifications.,#REF!,POST_WALL,No,No,No,AI_NOT_ENABLED,PostWall Non Putty ,,False,NON_MEASUREMENT,,Floor,,2026-07-10,CRITICAL,CRITICAL,NO,,,,4028f9ae818644790181864b9cd00028,ff808081818ae47e01818af17c0c00e1,ff808081818cac9e01818cb0c031007a,FLOORWISE_STAGE
447,Wall cladding,,Fixing wall dado,No hollow sound on the tile when tapped,#REF!,POST_WALL,No,No,No,AI_NOT_ENABLED,PostWall Non Putty ,,False,NON_MEASUREMENT,,Floor,COVERAGE,2026-07-10,CRITICAL,CRITICAL,NO,,,,4028f9ae818644790181864b9cd1002a,ff808081818ae47e01818af17c0e00e9,ff808081818cac9e01818cb0c0330095,FLOORWISE_STAGE
430,Wall cladding,,Bull marking for flooring along with Colour and pattern for tiles having been approved by Customer and surface preparation,Pattern of laying tiles is confirmed with the client. - work man ship,#REF!,POST_WALL,No,No,No,AI_NOT_ENABLED,PostWall Non Putty ,,False,NON_MEASUREMENT,,Floor,,2026-07-10,CRITICAL,CRITICAL,NO,,,,4028f9ae818644790181864b9cd1002a,ff808081818ae47e01818af17c0d00e5,ff808081818cac9e01818cb0c033008b,FLOORWISE_STAGE
326,Internal Plastering,,Plastering Complete,Scratch test has been conducted after 7 days of plastering and is found to be good.,#REF!,POST_WALL,No,No,No,AI_NOT_ENABLED,PostWall Non Putty ,,False,NON_MEASUREMENT,,Floor,COVERAGE,2026-07-10,CRITICAL,REGULAR,NO,,,,4028f9ae818644790181864b9cd00028,ff808081818ae47e01818af17c0d00e2,ff808081818cac9e01818cb0c0320083,FLOORWISE_STAGE
184,Final Miscellaneous works and cleaning,,Final handover,Sign handover letter,#REF!,POST_WALL,No,No,No,AI_NOT_ENABLED,FINAL WORK(Post Puttyl),,True,NON_MEASUREMENT,,Floor,,2026-07-10,CRITICAL,CRITICAL,NO,,,,4028f9ae818644790181864b9cd50032,ff808081818ae47e01818af17c0f0104,ff808081818cac9e01818cb0c03d00fb,INITIAL_ONE_TIME_STAGE
439,Wall cladding,,"Chasing for Plumbing Lines, installing Plumbing lines along with Chicken mesh complete",Surface has been prepared for tiling.,#REF!,POST_WALL,No,No,No,AI_NOT_ENABLED,PostWall Non Putty ,,False,NON_MEASUREMENT,,Floor,COVERAGE,2026-07-10,REGULAR,REGULAR,NO,,,,4028f9ae818644790181864b9cd1002a,ff808081818ae47e01818af17c0d00e6,ff808081818cac9e01818cb0c033008c,FLOORWISE_STAGE
301,Internal Plastering,,"Chasing, Conduit fixing, Door Frame Fixing, Grill Fixing and Chicken Mesh",Window grill to be checked as per the drawings and client approval,#REF!,POST_WALL,No,No,No,AI_NOT_ENABLED,PostWall Non Putty ,,False,NON_MEASUREMENT,,Floor,COVERAGE,2026-07-10,REGULAR,CRITICAL,NO,,,,4028f9ae818644790181864b9cd00028,ff808081818ae47e01818af17c0c00e0,01ebd2fb-a1b3-43ff-a5bd-e310dce3ed43,FLOORWISE_STAGE
39,"Casting the lintels,staircase, blockwork upto the slab level",,Blockwork upto Beam/Slab bottom level,Workmanship of the blockwork is as per standards,#REF!,POST_WALL,No,No,No,AI_NOT_ENABLED,PostWall Non Putty ,,False,NON_MEASUREMENT,,Floor,,2026-07-10,REGULAR,CRITICAL,NO,,,,4028f9ae818644790181864b9cce0026,ff808081818ae47e01818af17c0900d9,44e7d79e-d2c7-4c4c-8695-8f2fc2a9541e,FLOORWISE_STAGE
,,,,,,,,,,,,,,,,,,,,,,,,,,,,
,,,,Sweep ,,,,,,,,,,,,,,,,,,,,,,,,
,,,,Photo with tool,,,,,,,,,,,,,,,,,,,,,,,,
,,,,normal VIdeo,,,,,,,,,,,,,,,,,,,,,,,,
,,,,IMU,,,,,,,,,,,,,,,,,,,,,,,,