From your QC sheet (trimmed to the useful columns),,,,,,,,,,,,Proposed automation design,,,,,,,,,,,,,,,Your tracking (fill in),,,,,,,Ref
ID (sno),Stage,Task,QC check,Sub-phase,Current SE method,Priority,No-go,Level (2.0),Stage type,In 2.0,Live today,Check family,What to measure or judge,SE Comments ,Accuracy Requirements SE,Primary method,Automation level,Confidence,Feasibility with Gyro ,,How it would work,Fallback or upgrade,Inputs the prompt needs,Target tolerance (typical; confirm against your spec),Same detector as (ID),Extra SE time (s),Status,Owner,Target sprint,Validation accuracy,Validation sample (n),Last updated,Notes,qc_id
30,"Casting the lintels,staircase, blockwork upto the slab level",Blockwork upto Beam/Slab bottom level,All the openings are at right angles and are vertical.,PostWall Non Putty,Tools,CRITICAL,No,Space,Floorwise,Yes,Yes,Squareness and plumb,"Jamb lean against gravity; jamb-to-soffit angle, per opening.",Use All Gyro three Angles for this ,,G-PLUMB,Partial,Medium,High,Gyro will select frames that have the openings ... gemini will check for right angles,"Gravity-align the frames with the gyro, rectify each wall to a flat elevation view and detect the opening edges. Jambs should be vertical and the soffit horizontal; report the lean in mm over the opening height and the corner angle. Flags go to the SE.",BT-TOOL digital level on flagged openings only. The vertical vanishing point of the room's own edges can refine the gyro's gravity estimate.,Plumb tolerance.,Plumb within 5 mm over the opening height; 90° ± 0.5°,,0,Not started,,,,,,,ff808081818cac9e01818cb0c02e0051
31,"Casting the lintels,staircase, blockwork upto the slab level",Blockwork upto Beam/Slab bottom level,Blockwork has been checked in vertical and horizontal directions and is found to be straight.,PostWall Non Putty,Tools,CRITICAL,No,Wall,Floorwise,Yes,Yes,Alignment and straightness,Straightness of courses (horizontal) and perpends or wall ends (vertical) in the wall plane.,Critical has to be accurate ,5mm to 10mm,G-PLUMB,Partial,Medium,Low,New Action : Use phones IMU or get the SE to take a photo with the tool places ,"On the rectified wall view, detect the mortar lines, fit straight lines and report the largest deviation; the block height gives the mm scale. This checks in-plane alignment. A bow toward or away from the camera is not visible from one viewpoint.",Straightedge by the SE on flagged walls; a BT laser meter read at three points along the wall gives the bow.,Block size (mm); straightness tolerance.,About 6 mm over 3 m,,0,Not started,,,,,,,ff808081818cac9e01818cb0c02e0052
33,"Casting the lintels,staircase, blockwork upto the slab level",Blockwork upto Beam/Slab bottom level,Check for plumb in door and window openings,PostWall Non Putty,Tools,CRITICAL,No,Space,Floorwise,Yes,Yes,Plumb and level,Jamb lean against gravity., ,5mm to 10mm,G-PLUMB,Partial,Medium,Low,New Actions : Use phones IMU or get the SE to take a photo with the tool places ,Same detector as ID 30: this is the vertical component of the opening check.,BT-TOOL on flagged openings.,Plumb tolerance.,Within 5 mm over the opening height,     ,0,Not started,,,,,,,ff808081818cac9e01818cb0c02e0055
34,"Casting the lintels,staircase, blockwork upto the slab level",Blockwork upto Beam/Slab bottom level,concrete band is provided at the height of 4feet as per standards,PostWall Non Putty,Tape,REGULAR,No,Space,Floorwise,Yes,Yes,Height and position,"Height of the band's top and bottom edges above floor level, per wall.",,3ft-4ft,G-GEO,Full,High,Low,New Action : take photo with measurement tape ,The band is a distinct concrete strip in the blockwork. Segment it on each rectified wall and convert its edges to heights using the camera height and the wall distance from the room layout. Compare with 1200 mm.,TAP photo with a tape held against the band.,Band height standard (1200 mm); band depth from the structural drawing.,1200 mm ± 25 mm,,0,Not started,,,,,,,cd843141-8f6e-4561-8586-35477991dd9e
36,"Casting the lintels,staircase, blockwork upto the slab level",Blockwork upto Beam/Slab bottom level,Mortar thickness is checked and is found to be ok.,PostWall Non Putty,Tape,REGULAR,No,Space,Floorwise,Yes,Yes,Thickness and joints,Average and local mortar joint thickness.,,10mm to 15mm,G-GEO,Partial,Medium,High,Block are of 10 catergories .. ask gemini to get the block type and see thickness of mortor with respect to the block .. one kind of block doesnt have mortar,"Average joint = course pitch minus block height, measured over several courses on the rectified wall (the block is the ruler). Local joints wider than about 15 mm show at 1 mm per pixel; finer differences do not.",TAP close-up with a block edge in frame for exact joints. Thin-bed AAC joints (3–4 mm) always need the close-up.,Block height (mm); mortar type (conventional or thin-bed).,10 mm ± 3 mm conventional; 3–4 mm thin-bed,,0,Not started,,,,,,,ff808081818cac9e01818cb0c02e0053
37,"Casting the lintels,staircase, blockwork upto the slab level",Blockwork upto Beam/Slab bottom level,Sofit of the doors and windows are in tube level,PostWall Non Putty,Tools,REGULAR,No,Space,Floorwise,Yes,Yes,Plumb and level,Soffit height of every opening; soffit line horizontal.,,,G-GEO,Partial,Medium,High,Gyro will select frames that have the openings ... gemini will check for right angles,"Soffit heights from the rectified walls (about ±20 mm) compared across all openings in the room, and each soffit line checked against gravity. Catches an opening set 30 mm high; cannot match a tube level's millimetres.",BT laser level or digital level on flagged openings.,Lintel height from the drawing.,Within 10 mm between openings,,0,Not started,,,,,,,c5d36f17-44a3-476d-946c-0423ce285889
38,"Casting the lintels,staircase, blockwork upto the slab level",Blockwork upto Beam/Slab bottom level,Verticality of the column is checked above the lintel,PostWall Non Putty,Tools,REGULAR,No,Space,Floorwise,Yes,Yes,Plumb and level,Column edge lean against gravity above lintel level.,,,G-PLUMB,Partial,Medium,Low,New Action : USE phone IMU ... place phone edge at the joint of the rise.,Columns read as concrete against blockwork before plaster. Detect both edges on the rectified wall view and measure the lean over the visible height.,BT-TOOL or plumb bob on flagged columns.,Column plumb tolerance from the structural spec.,Per structural spec,,0,Not started,,,,,,,df23d09d-c89f-42e5-a4d8-57e704290479
40,"Casting the lintels,staircase, blockwork upto the slab level",During Lintel casting and curing,All the Lintels at the openings are placed at standards heights as per the drawing,PostWall Non Putty,Tape,REGULAR,No,Space,Floorwise,Yes,Yes,Height and position,"Lintel soffit height above floor, per opening.",,7ft (Depends on the door/window size),G-GEO,Full,High,Low,New Action : take photo with measurement tape ,Lintel soffit height from the rectified wall view against the height given in the drawing for that opening.,TAP with a tape.,Lintel heights from the drawing (for example 2100 mm).,± 25 mm,,0,Not started,,,,,,,fa098a6a-46e0-44ff-9383-9b350dcc700b
63,"Casting the lintels,staircase, blockwork upto the slab level",Lintel Shuttering and Reinforcement,Standard lintel dimension has been maintained as per structural drawing.,PostWall Non Putty,Tape,REGULAR,No,Space,Floorwise,Yes,Yes,Size against drawing,Lintel depth and bearing length each side; width equals the wall thickness.,,,G-GEO,Partial,Medium,Low,New Action : take photo with measurement tape ,Depth and bearing are visible as the concrete band around the opening before plaster; measure them on the rectified wall (about ±10–20 mm). Width cannot be seen from inside the room.,TAP with a tape across the lintel.,"Structural drawing (depth, bearing).",± 10 mm,,0,Not started,,,,,,,8a7483bc8adaa888018add7add9d0004
69,"Casting the lintels,staircase, blockwork upto the slab level",Staircase During Concreting,Concrete is compacted properly using vibrators.,PostWall Non Putty,Tools,CRITICAL,Yes,Space,Floorwise,Yes,Yes,Process and approval,Vibrator used during the pour; no honeycombing after deshuttering.,,Turn on vibrator before starting gyro,ATTEST,Evidence,Medium,Low,New Actions : Short Video focusing on the concreting.,"During the pour, a mandatory ten-second video or photo of the vibrator in use. After deshuttering, the staircase gyro frames go through the vision model for honeycombing, voids and segregation on the waist slab, risers and soffit.",TAP close-ups of suspect patches.,None.,No honeycombing visible,,10,Not started,,,,,,,ff808081818cac9e01818cb0c02d004c
72,"Column rising, blockwork upto lintel level",Blockwork base course,Blockwork has been checked in vertical and horizontal directions and is found to be straight.,PostWall Non Putty,Tools,CRITICAL,No,Space,Floorwise,Yes,Yes,Alignment and straightness,Straightness of the base course in both directions.,Critical has to be accurate ,5mm to 10mm,G-PLUMB,Partial,Medium,Low,New Actions : Use phones IMU or get the SE to take a photo with the tool places ,"Same detector as ID 31, run at the base-course stage.",Straightedge on flagged walls.,Block size (mm).,About 6 mm over 3 m,31,0,Not started,,,,,,,ff808081818cac9e01818cb0c02e0052
76,"Column rising, blockwork upto lintel level",Blockwork base course,Mortar thickness is checked and is found to be ok.,PostWall Non Putty,Tape,REGULAR,No,Space,Floorwise,Yes,Yes,Thickness and joints,Average and local mortar joint thickness at the base course.,,10mm to 15mm,G-GEO,Partial,Medium,High,Block are of 10 catergories .. ask gemini to get the block type and see thickness of mortor with respect to the block .. one kind of block doesnt have mortar,"Same detector as ID 36, run at the base-course stage.",TAP close-up with a block edge in frame.,Block height (mm); mortar type.,10 mm ± 3 mm conventional,36,0,Not started,,,,,,,ff808081818cac9e01818cb0c02e0053
77,"Column rising, blockwork upto lintel level",Blockwork upto Lintel,All the openings are at right angles and are vertical.,PostWall Non Putty,Tools,CRITICAL,No,Space,Floorwise,Yes,Yes,Squareness and plumb,"Jamb lean and jamb-to-soffit angle, per opening.",,Use All Gyro three Angles for this ,G-PLUMB,Partial,Medium,High,Gyro will select frames that have the openings ... gemini will check for right angles,"Same detector as ID 30, run at the lintel-level stage.",BT-TOOL on flagged openings.,Plumb tolerance.,Within 5 mm; 90° ± 0.5°,30,0,Not started,,,,,,,ff808081818cac9e01818cb0c02e0051
79,"Column rising, blockwork upto lintel level",Blockwork upto Lintel,Check for plumb in door and window openings,PostWall Non Putty,Tools,CRITICAL,No,Space,Floorwise,Yes,Yes,Plumb and level,Jamb lean against gravity.,,5mm to 10mm,G-PLUMB,Partial,Medium,Low,New Actions : Use phones IMU or get the SE to take a photo with the tool places ,"Same detector as ID 30 (vertical component), run at the lintel-level stage.",BT-TOOL on flagged openings.,Plumb tolerance.,Within 5 mm over the opening height,30,0,Not started,,,,,,,ff808081818cac9e01818cb0c02e0055
83,"Column rising, blockwork upto lintel level",Blockwork upto Lintel,Sill concrete is provided at the standrad height as per drawing/Spec,PostWall Non Putty,Tape,REGULAR,No,Space,Floorwise,Yes,Yes,Height and position,"Sill top height above floor, per window.",,3ft-4ft,G-GEO,Full,High,Low,,The sill band is visible before plaster. Height of its top edge on the rectified wall against the drawing.,TAP with a tape.,Sill heights from the drawing (for example 900 mm).,± 25 mm,,0,Not started,,,,,,,383aa31e-d270-4190-b755-653c93a94b0b
84,"Column rising, blockwork upto lintel level",Blockwork upto Lintel,Verticality of the walls has been checked and is good to go.,PostWall Non Putty,Tools,CRITICAL,No,Space,Floorwise,Yes,Yes,Plumb and level,Wall lean.,,,G-PLUMB,Partial,Medium,Low,New Action : Use Phone IMU .. Place Phone at 2 3 points in the wall ,"Corner lines checked against gravity. A lean toward or away from the camera does not show as a slanted line, so also compare each wall's floor-line and ceiling-line distances from the layout; the difference is the lean over the full height (resolves about 30 mm).",BT-TOOL digital level or plumb bob on flagged walls.,Plumb tolerance.,About 6 mm per 3 m,,0,Not started,,,,,,,ff808081818cac9e01818cb0c02e0054
107,Compound wall,Block work and plastering compound wall,Buttress in masonry or concrete at regular intervals has been provided to avoid long length of compound wall,COMPOUND WALL(Post Wall),Tape,CRITICAL,No,,One-time,No,No,Presence and spec match,Buttress count and spacing along the compound wall.,,,EXT,Partial,Medium,Low,,"A walking video along the compound wall, or gyro captures at two or three points in the plot. Detect the buttresses, count them and get the spacing from the wall length in the plot drawing.",TAP photo per stretch with a count.,Plot drawing (wall lengths); buttress spacing standard.,Spacing at or under the spec,,120,Not started,,,,,,,442ef689-57e1-4c31-84d5-d54a595305ca
108,Compound wall,Block work and plastering compound wall,Height & Width of compound wall is as per specification.,COMPOUND WALL(Post Wall),Tape,CRITICAL,No,,One-time,No,No,Size against drawing,Wall height; wall thickness.,,Measurement,EXT,Partial,Medium,,,Height from the exterior capture with the camera height known (about ±30 mm). Thickness needs a view of the top or an end: one TAP photo with a block as the scale.,BT laser meter.,Spec height and width.,± 25 mm,,120,Not started,,,,,,,bc6e0ab5-392e-4e22-8d9d-da7501956afa
109,Compound wall,Block work and plastering compound wall,Plastering surface is level and free from undulations.,COMPOUND WALL(Post Wall),Tools,CRITICAL,No,,One-time,No,No,Surface finish,"Gross undulations, patches and cracks in the plaster.",,,EXT,Partial,Low,,,"The vision model reads the exterior frames for gross undulations, patches and cracks, best in low sun or with a torch at a grazing angle. Millimetre flatness is not visible.","MANUAL 2 m straightedge, reading recorded in the app.",None.,About 3 mm under a 2 m straightedge,,120,Not started,,,,,,,fba86fa1-ea2a-4af4-a7e4-f0af5f95ced7
110,Compound wall,Completion of SSM (If SSM under compound beam),SSM top level and width to be checked,COMPOUND WALL(Post Wall),Tape,CRITICAL,No,,One-time,No,No,Height and position,Top level of the SSM against the datum; width.,,,MANUAL,Manual,Low,Low,,Levels need an instrument. The SE records the auto-level or laser readings in the app with a photo. Width from a TAP photo with a tape.,A BT laser level with a receiver could feed the app directly.,"Drawing (level, width).",Per drawing,,60,Not started,,,,,,,7d2bc1aa-e54e-4453-b014-535a27d5da9d
111,Compound wall,PCC for SSM (If SSM under compound beam),SSM layout to be checked,COMPOUND WALL(Post Wall),Tape,CRITICAL,No,,One-time,No,No,Size against drawing,Footing positions against the plan.,,,MANUAL,Evidence,Low,Low,,"Photo of the laid-out lines with the tape and the drawing, kept as the record.",A photo from an elevated point (first floor or terrace) with four marked reference points can be warped onto the plan for a direct overlay.,Foundation plan.,Per drawing,,60,Not started,,,,,,,edc4737e-d143-4300-946e-11589541d450
123,Doors & Windows,Windows and Doors installation,Doors/ windows/ ventilator grill fixing finishing is uniform,POST PUTTY,Tape,REGULAR,No,,One-time,No,Yes,Surface finish,"Even gaps, clean sealant line, no visible fasteners or damage.",,,G-VIS,Full,Medium,High,Gyro will select frames that have the openings ... gemini will check for right angles,"The vision model reads a crop of each door, window and grill from the gyro frames with a short rubric: gap evenness, sealant line, fastener heads, scratches, damage.",TAP close-up where the model is unsure.,Finish rubric (what uniform means for your packages).,Rubric pass,,0,Not started,,,,,,,298f35ed30e44a9395614cef23eef52b
125,Doors & Windows,Windows and Doors installation,Doors/windows/ventilators are as per specified size and design,POST PUTTY,Tape,REGULAR,No,,One-time,No,Yes,Size against drawing,Frame width and height; design against spec.,,,G-GEO,Full,Medium,Low,,"Width and height of each frame from the rectified wall (about ±30 mm separates catalogue sizes such as 900 and 1000 mm). Design matched by the vision model against the BOQ line or a reference image for the package (type, material, track count, mesh).",TAP with a tape for borderline sizes.,Door and window schedule; BOQ or package spec with reference images.,Size ± 25 mm; design must match,,0,Not started,,,,,,,bb228272843f424e8719dbd72218d8c1
127,Doors & Windows,Windows and Doors installation,"Doors/windows/ventilators shutters are fine, in level and latches when closed",POST PUTTY,Tape,REGULAR,No,,One-time,No,Yes,Functional,Shutter alignment and gaps; latching.,,,G-VIS,Partial,Medium,High,Gyro will select frames that have the openings ... gemini will check ,Ask the SE to close all shutters before the gyro capture; the vision model then checks even gaps and alignment. Latching is a one-tap confirmation per door and window.,IMU: phone laid on the shutter's top edge for level. A short video of the latch.,None.,Even gap; latch engages,,0,Not started,,,,,,,a599e957e81243c0a7223dcdbfb05068
128,Doors & Windows,Windows and Doors installation,Door/Windows/Ventilator are placed as per the drawings and the sill height is good,POST PUTTY,Tape,REGULAR,No,,One-time,No,Yes,Height and position,Opening position along the wall; sill height.,,7ft (Depends on the door/window size in floor plan),G-GEO,Full,High,Low,,"Each opening is located on its wall from the layout (distance from the corner) and its sill height is read, both compared with the drawing.",TAP with a tape.,Floor plan and window schedule.,Position ± 50 mm; sill ± 25 mm,,0,Not started,,,,,,,d9b51ac715df43b983131a0033fd65ed
171,Fabrication works,"Fabrication works - Staircase and Balcony railing , Chamber covers, Gate complete",check for chamber cover specifications,Fabrication(Post Puttyl),Tape,REGULAR,No,,One-time,No,Yes,Presence and spec match,"Chamber cover size, type and material.",,,TAP,Partial,Medium,Low,,"One photo per chamber with a tape or a known tile in frame. The vision model checks type and material against the spec (RCC, CI, SFRC, frame); size from the reference object.",Include the chambers in the exterior capture (EXT).,BOQ spec for chamber covers.,As per spec,,30,Not started,,,,,,,ff808081818cac9e01818cb0c03c00f2
172,Fabrication works,"Fabrication works - Staircase and Balcony railing , Chamber covers, Gate complete","Check for height, verticality,alignment&Spacing",Fabrication(Post Puttyl),Tape,REGULAR,No,,One-time,No,Yes,Size against drawing,Railing height; baluster spacing; post plumb.,,,G-GEO,Partial,Medium,Low,New Action : take photo with measurement tape ,"Needs the staircase and balcony as capture points. Height from the floor line (about ±20 mm), spacing from the rectified view scaled by the railing height, posts checked against gravity.",TAP with a tape; BT-TOOL on flagged posts.,"Railing spec (height, maximum gap).",Height ± 20 mm; gap at or under spec,,0,Not started,,,,,,,ff808081818cac9e01818cb0c03c00ed
176,Fabrication works,"Fabrication works - Staircase and Balcony railing , Chamber covers, Gate complete",Check for welding thickness & joints,Fabrication(Post Puttyl),Tape,REGULAR,No,,One-time,No,Yes,Workmanship defect,Weld surface quality; throat thickness.,,,TAP,Partial,Low,High,Gyro will select frames that have the openings ... gemini will check ,"Close-up photos of the joints; the vision model screens for porosity, spatter, undercut, incomplete fusion and grinding finish. Throat thickness needs a weld gauge.",MANUAL gauge reading typed into the app.,Weld spec.,Per spec,,30,Not started,,,,,,,ff808081818cac9e01818cb0c03c00ee
186,Final Miscellaneous works and cleaning,Handover QA request raised,Doors and windows are as per the contract.,FINAL WORK(Post Puttyl),Tape,CRITICAL,No,,One-time,No,No,Size against drawing,"Count, size and type of doors and windows per room against the contract.",,,G-GEO,Full,Medium,High,Gyro will select frames that have the finished doors and windows and ... gemini will check ,"Same detector as ID 125, with the room's door and window list from the contract as the prompt input; also counts the items per room.",TAP.,Contract door and window schedule.,Must match the contract,125,0,Not started,,,,,,,ff808081818cac9e01818cb0c03600b6
199,Flooring,Bull marking for flooring along with Colour and pattern for tiles having been approved by Customer and surface preparation for dry areas,Joints alignment/Pattern/Spacer usage have been discussed and approved by client.,Flooring(Postwall),Tools,CRITICAL,Yes,Space,Floorwise,Yes,Yes,Process and approval,Client approval recorded.,Should not be QC,Should not be QC,ATTEST,Evidence,High,Low,,"Make this a client approval step in the app: the gyro frames of the bull-marked floor (or a layout render) go to the client, who approves with an OTP or a signature. The approval is the QC record.",Site-visit sign-off photo.,Tile layout drawing.,Approval present,,10,Not started,,,,,,,ff808081818cac9e01818cb0c034009f
206,Flooring,Bull marking for flooring of wet areas along with bore packing,The mortar bed should adjust the required slope before laying the tile.,Flooring(Postwall),Tape,REGULAR,No,Space,Floorwise,Yes,Yes,Slope,Floor slope toward the drain.,,,IMU,Partial,Medium,Low,New Action : Use phone IMU,"The SE lays the phone flat on the bed at two or three points (or on a straightedge). The accelerometer reads tilt to about 0.1°, enough for a 1 % slope (0.57°). The app records the direction toward the drain.",ATTEST: a short video of water or a marble running to the drain.,Required slope (for example 1:100).,"Slope at or above spec, toward the drain",,20,Not started,,,,,,,8a7483bc8adaa888018add7add9e0019
207,Flooring,Flooring in Dry areas,Are the joints properly aligned?,Flooring(Postwall),Tools,CRITICAL,Yes,Space,Floorwise,Yes,Yes,Alignment and straightness,Grout-line straightness and offset at intersections.,Can do without tools move to GYRO,,G-FLOOR,Full,High,High,Gyro will select frames that have the openings ... gemini will check ,"Warp the downward gyro band into a top-down floor image, detect the grout lines, fit the grid and report the largest offset at intersections and the line waviness (tile size is the ruler, about 1 mm resolution). Lippage does not show.",TAP photo with a torch at a grazing angle for lippage; MANUAL straightedge.,Tile size; spacer width.,Offset at or under 1 mm,,0,Not started,,,,,,,ff808081818cac9e01818cb0c03400a4
216,Flooring,Flooring in Dry areas,Skirting to be fixed as per specification and to the standard height,Flooring(Postwall),Tape,REGULAR,No,Space,Floorwise,Yes,Yes,Height and position,Skirting height and uniformity; material.,,,G-GEO,Full,High,High,Gyro will select frames that have the openings ... gemini will check .. standard height is 3 to 4 feet,Skirting top edge detected along each wall; height from the floor line with the adjacent tile as the ruler (about ±5 mm). Material and finish judged by the vision model.,TAP with a tape.,Skirting height and material from spec (for example 100 mm).,± 5 mm,,0,Not started,,,,,,,fe28ef55-3e1d-4cd3-b8b8-cb4582d8a74e
219,Flooring,Flooring in wet areas,Balcony/ Bathroom: Tiles is cut as per the grating - square / circle,Flooring(Postwall),Tools,REGULAR,No,Space,Floorwise,Yes,Yes,Workmanship defect,Cut shape and fit around gratings.,,,G-VIS,Full,Medium,High,Gyro will select frames that have the openings ... gemini will check ,"The vision model reads the downward-band crop around each drain: shape matches the grating, cut edges clean, gap even.",TAP when the drain is small or far from the tripod.,Grating type per bathroom and balcony.,Rubric pass,,0,Not started,,,,,,,ff808081818cac9e01818cb0c034009d
222,Flooring,Flooring in wet areas,Joints alignment/Pattern/Spacer usage have been discussed and approved by client.,Flooring(Postwall),Tools,CRITICAL,Yes,Space,Floorwise,Yes,Yes,Process and approval,Client approval recorded.,,,ATTEST,Evidence,High,,,"Same approval flow as ID 199, for wet areas.",Site-visit sign-off photo.,Tile layout drawing.,Approval present,199,10,Not started,,,,,,,ff808081818cac9e01818cb0c034009f
272,"Internal & External Painting - Final coat, Plumbing fittings","Final coat of painting, CP fittings installation complete",Check for thickness of the granite is as per the requirement.,POST PUTTY,Tape,REGULAR,No,,One-time,No,Yes,Thickness and joints,Counter slab thickness at the exposed edge.,,,TAP,Partial,Medium,,,One close-up of the counter edge with a coin or a printed scale sticker in frame; thickness in pixels converted by the reference.,MANUAL vernier or tape reading.,Spec thickness (for example 18 or 20 mm).,± 1 mm,,30,Not started,,,,,,,432fe711-b9bf-460f-90c7-2b2e5a5d4a72
274,"Internal & External Painting - Final coat, Plumbing fittings","Final coat of painting, CP fittings installation complete",Check whether the provision is made for sink fixing,POST PUTTY,Tape,REGULAR,No,,One-time,No,Yes,Presence and spec match,"Cut-out, brackets or clamps, and water and waste points at the sink location.",,,G-VIS,Full,High,High,Take Out Frames from Gyro and ask Gemini,"The vision model reads the kitchen counter crop from the gyro frames: cut-out present and sized, support brackets, tap and waste points in place.",TAP.,Sink type from spec.,All items present,,0,Not started,,,,,,,5b7a47ea-ef58-46f5-9128-5fe0c812150c
286,"Internal & External Painting - Final coat, Plumbing fittings","Final coat of painting, CP fittings installation complete",Railing Material adheres to the specifications and are as per the package,POST PUTTY,Tape,REGULAR,No,,One-time,No,Yes,Presence and spec match,Railing material type and profile against the package.,,,G-VIS,Partial,Medium,,,"The vision model compares the railing with the package spec and reference image (stainless, mild steel or glass; profile sizes). The steel grade (304 against 202) is not visible.",MANUAL: invoice or material test certificate check.,Package spec with reference images.,Must match the package,,0,Not started,,,,,,,bccee11b-603c-4d3b-bb34-f0a748a17901
294,Internal & External Painting - Putty works,Surface preparation works - Painting readiness Complete,All corners are in line and finished properly.,POST PUTTY,Tools,CRITICAL,No,,One-time,No,Yes,Alignment and straightness,Corner lines straight and vertical; finish.,,,G-PLUMB,Partial,Medium,High,Take Out Frames from Gyro and ask Gemini,"Internal and external corner lines detected in the gravity-aligned view; straightness and lean reported. Finish (waviness, patching) judged by the vision model on the crop.",MANUAL straightedge on flagged corners.,Tolerance.,About 3 mm over 2 m,,0,Not started,,,,,,,ff808081818cac9e01818cb0c03500aa
296,Internal & External Painting - Putty works,Surface preparation works - Painting readiness Complete,Edges of window frames & door frames are perfectly vertical.,POST PUTTY,Tools,CRITICAL,No,,One-time,No,Yes,Plumb and level,Frame edge lean against gravity.,,,G-PLUMB,Partial,Medium,High,Take Out Frames from Gyro and ask Gemini,"Same detector as ID 30, applied to the installed frame edges.",BT-TOOL.,Tolerance.,About 3 mm over the frame height,30,0,Not started,,,,,,,ff808081818cac9e01818cb0c03500a9
317,Internal Plastering,"Electrical Point marking, Plumbing Point marking and Bull Marking for plastering",Switch boxes in position and properly finished.,PostWall Non Putty,Tape,CRITICAL,Yes,Space,Floorwise,Yes,Yes,Height and position,Box count and positions against the electrical layout; height; finish flush with plaster.,,,G-GEO,Full,High,High,"figure out boxes from gyro video ... categorize them into upper , middle and lower .. and see if look at a proper height",Detect the boxes on each rectified wall; compare count and positions with the electrical layout and heights with the standards table. The vision model checks flush fit and clean edges.,TAP for finish.,Electrical layout drawing; standard heights table.,Height ± 25 mm; position ± 50 mm,,0,Not started,,,,,,,ff808081818cac9e01818cb0c0300077
318,Internal Plastering,Plastering Complete,All spaces wall corners are at right angle,PostWall Non Putty,Tools,REGULAR,No,Space,Floorwise,Yes,Yes,Squareness and plumb,Angle between adjacent walls.,,,G-GEO,Partial,Medium,High,Gyro will capture angles and gemini will check wall corners ,"The floor plan recovered from the floor or ceiling boundary gives each corner angle to about ±1°. That catches a 3° error, not the 3 mm over 600 mm a square checks.","MANUAL square, or a BT laser meter with the 3-4-5 method.",Tolerance.,90° ± 0.3° (about 3 mm over 600 mm),,0,Not started,,,,,,,30b13c76-86a7-4249-8b85-5f3ee664ebae
319,Internal Plastering,Plastering Complete,All the openings are at right angles and are vertical.,PostWall Non Putty,Tools,CRITICAL,No,Space,Floorwise,Yes,Yes,Squareness and plumb,"Jamb lean and jamb-to-soffit angle, per opening.",,,G-PLUMB,Partial,Medium,High,Gyro will capture angles and gemini will check wall corners ,"Same detector as ID 30, run after plastering.",BT-TOOL on flagged openings.,Plumb tolerance.,Within 5 mm; 90° ± 0.5°,30,0,Not started,,,,,,,ff808081818cac9e01818cb0c02e0051
325,Internal Plastering,Plastering Complete,Plastering surface is level and free from undulations,PostWall Non Putty,Tools,REGULAR,No,Space,Floorwise,Yes,Yes,Surface finish,"Undulations, patches and cracks; flatness.",,,G-VIS,Partial,Low,Low,New Actions cover staright edge by a video,"The vision model reads the rectified wall views for gross undulations, patches and cracks. Millimetre flatness is not visible from the room centre.",MANUAL 2 m straightedge. A phone lidar scan (iPhone Pro) resolves about 5 mm. TAP with the torch at a grazing angle shows waviness.,None.,About 3 mm under a 2 m straightedge,,0,Not started,,,,,,,ff808081818cac9e01818cb0c031007f
327,Internal Plastering,Plastering Complete,Sharp edges have been maintained at the junctions of all doors and windows.,PostWall Non Putty,Tools,CRITICAL,No,Space,Floorwise,Yes,Yes,Workmanship defect,"Edge chipping, rounding and unevenness at junctions.",,,G-VIS,Partial,Medium,High,Gyro will select frames that have the openings ... gemini will check ,The vision model reads zoomed crops of each junction and asks for a TAP photo when the crop is too small to judge.,TAP.,Rubric.,Rubric pass,,0,Not started,,,,,,,ff808081818cac9e01818cb0c0310081
328,Internal Plastering,Plastering Complete,The Level and plumb of the window grills are checked.,PostWall Non Putty,Tools,REGULAR,No,Space,Floorwise,Yes,Yes,Plumb and level,Grill bar angles against gravity.,,,G-PLUMB,Partial,Medium,High,In Gyro video find frames the cover window from a side and compare with edge ... (Gemini can do comparision),Many parallel bars give a robust angle estimate on the gravity-aligned view; horizontal and vertical bars are both checked.,BT-TOOL.,Tolerance.,About 3 mm over the grill size,,0,Not started,,,,,,,47ba5d5d-0cda-42cc-8227-9b8de3ef9527
329,Internal Plastering,Plastering Complete,Window and doors jambs are at right angle and and sharp edges are provided.,PostWall Non Putty,Tools,REGULAR,No,Space,Floorwise,Yes,Yes,Squareness and plumb,Jamb angle; edge sharpness.,,,G-PLUMB,Partial,Medium,High,In Gyro video find frames the cover window from a side and compare with edge ... (Gemini can do comparision),"Same detector as ID 30 for the angle, plus the edge rubric of ID 327.",TAP.,Tolerance; rubric.,90° ± 0.5°; edges intact,30,0,Not started,,,,,,,2a05f2c9-95c9-42ff-a163-78ff6f409d11
432,Wall cladding,Bull marking for Wall Dado,Bathroom inner wall - electrical points  are as per standard height.,PostWall Non Putty,Tape,CRITICAL,No,Space,Floorwise,Yes,Yes,Height and position,Height of each box above FFL.,,,G-GEO,Full,High,High,Gyro will select frames that have the openings (judge using alluminum box) ... gemini will check ... same band way ,Detect the boxes on each bathroom wall; height above the floor line (or above the FFL mark if flooring is not done) against the standard heights table.,TAP with a tape.,Standard heights table; FFL offset before flooring.,± 25 mm,,0,Not started,,,,,,,ff808081818cfb8701818d0047600155
433,Wall cladding,Bull marking for Wall Dado,Bathroom inner wall - electrical points & plumbing points are as per standard height.,PostWall Non Putty,Tape,CRITICAL,No,Wall,Floorwise,Yes,Yes,Height and position,Height of each electrical box and pipe stub above FFL.,,,G-GEO,Full,High,High,Gyro will select frames that have the openings (judge using alluminum box) ... gemini will check ... same band way ,"Same detector as ID 432, with pipe stubs and elbows added to the detection set.",TAP with a tape.,Standard heights table; FFL offset.,± 25 mm,432,0,Not started,,,,,,,ff808081818cac9e01818cb0c033008f
434,Wall cladding,Bull marking for Wall Dado,"Bathroom internal wall-Plumbing points mixer,wash basin is as per standard height from FFL",PostWall Non Putty,Tape,CRITICAL,No,Space,Floorwise,Yes,Yes,Height and position,Mixer and basin point heights above FFL.,,,G-GEO,Full,High,High,Gyro will select frames that have the openings (judge using alluminum box) ... gemini will check ... same band way ,"Detect the pipe stubs, elbows and the mixer body; heights above the FFL mark compared with the standards table (mixer, basin, shower).",TAP with a tape.,Standard heights table; FFL offset.,± 25 mm,,0,Not started,,,,,,,ff808081818cfb8701818d0047600157
436,Wall cladding,Bull marking for Wall Dado,Plumb check for the wall has been done and is found to be ok.,PostWall Non Putty,Tools,CRITICAL,No,Space,Floorwise,Yes,Yes,Plumb and level,Wall lean before dado tiling.,,,G-PLUMB,Partial,Medium,Low,new Action : staright edge + Phone Imu ,"Same detector as ID 84, run before dado tiling.",BT-TOOL on flagged walls.,Plumb tolerance.,About 6 mm per 3 m,84,0,Not started,,,,,,,ff808081818cac9e01818cb0c033008d
437,Wall cladding,Bull marking for Wall Dado,Position of ventilator has been checked and is good to go.,PostWall Non Putty,Tape,CRITICAL,No,Space,Floorwise,Yes,Yes,Height and position,Ventilator position on the wall; sill height.,,,G-GEO,Full,High,High,Gyro will select frames that have the openings (judge height using if opening is close to ceoliong or bean (if visible)) ... gemini will check ... same band way ,"Same detector as ID 128, applied to the ventilator opening.",TAP with a tape.,Floor plan and window schedule.,Position ± 50 mm; sill ± 25 mm,128,0,Not started,,,,,,,ff808081818cac9e01818cb0c033008e
438,Wall cladding,Bull marking for Wall Dado,Setting out been done.,PostWall Non Putty,Tape,REGULAR,No,Space,Floorwise,Yes,Yes,Presence and spec match,"Bull marks, level lines and the starter row present.",,,G-VIS,Partial,Low,Low,New Action : staright edge one the bulls and put ur phone ,"The vision model looks for level lines, bull marks and the starter row on each wall. Chalk lines are faint from the room centre, so expect a TAP request often.",TAP photo of each marked wall.,"Dado layout (height, starting line).",Marks present,,0,Not started,,,,,,,ff808081818cac9e01818cb0c0330091
441,Wall cladding,During Fixing Wall dado,Joint thickness is less than 3mm.,PostWall Non Putty,Tape,REGULAR,No,Space,Floorwise,Yes,Yes,Thickness and joints,Joint width between dado tiles.,,,TAP,Full,High,High,Spacers must be there ...in few joints ,One close-up per bathroom wall with a tile edge in frame; the tile size gives the scale and joints measure to about 0.3 mm. Spacer presence can be checked in the same photo.,G-GEO coarse check: course pitch minus tile size over several courses.,Tile size; limit of 3 mm.,Under 3 mm,,30,Not started,,,,,,,ff808081818cac9e01818cb0c0330093
456,Water Proofing,During Waterproofing of wet areas,Waterproofing coat has been applied upto a height of 1feet for all the adjacent walls of wet areas,PostWall Non Putty,Tape,REGULAR,No,Space,Floorwise,Yes,Yes,Height and position,Top edge of the coat above floor on every wet-area wall.,,,G-GEO,Full,High,High,Take Out Frames from Gyro and ask Gemini,"The coat is a distinct colour. Detect its top edge on each wall, convert to height above the floor line, compare with 300 mm and flag gaps.",TAP with a tape.,Required height (300 mm).,At least 300 mm,,0,Not started,,,,,,,57c1924d-726c-4c69-838d-a18b5602309c